GPT_processed_sentence,tagged_sentence,original_passage
"In der <Diagnostic>T2-Wichtung</Diagnostic> finden sich periventrikuläre Hyperintensitäten als <Diagnosis_or_Pathology>Zeichen der zerebralen Mikroangiopathie</Diagnosis_or_Pathology>, kein <Diagnosis_or_Pathology>Infarkt</Diagnosis_or_Pathology>, <Other_Finding>MR-Angiographie o.B.</Other_Finding>","<Diagnosis_or_Pathology>In der <Diagnostic>T2-Wichtung</Diagnostic> periventrikuläre Hyperintensitäten</Diagnosis_or_Pathology> als <Diagnosis_or_Pathology>Zeichen der zerebralen Mikroangiopathie</Diagnosis_or_Pathology>, kein <Diagnosis_or_Pathology>Infarkt</Diagnosis_or_Pathology>, <Other_Finding>MR-Angiographie o.B.</Other_Finding>","{'id': 23, 'type': 'sentence', 'text': 'In der T2-Wichtung periventrikuläre Hyperintensitäten als Zeichen der zerebralen Mikroangiopathie, kein Infarkt, MR-Angiographie o.B.', 'offsets': [[1467, 1600]], 'document_id': 'Vogler.tsv'}"
"<Therapeutic>Die Fortsetzung</Therapeutic> der <Therapeutic>palliativen Polychemotherapie</Therapeutic> mit <Therapeutic>FOLFOX</Therapeutic>, <Therapeutic>2. Zyklus</Therapeutic>.","<Therapeutic>Fortsetzung der palliativen Polychemotherapie mit FOLFOX, 2. Zyklus</Therapeutic>.","{'id': 22, 'type': 'sentence', 'text': 'Fortsetzung der palliativen Polychemotherapie mit FOLFOX, 2. Zyklus.', 'offsets': [[799, 867]], 'document_id': 'Colon_Fake_C.tsv'}"
"23.01.28: Ein <Therapeutic>Klappenersatz</Therapeutic> sowie eine <Therapeutic>MKE bio</Therapeutic> und eine <Therapeutic>AKE 23er bio</Therapeutic> wurden durchgeführt, mit einer <Therapeutic>Klemmzeit von 2h30 min</Therapeutic>. Es wurde eine <Other_Finding>SM Schwelle Ventrikel von 1,3</Other_Finding> und eine <Other_Finding>Vorhofgröße von 13</Other_Finding> festgestellt. Es wurden <Clinical_Drug>6 Einheiten EK</Clinical_Drug>, <Clinical_Drug>800 ml HLM-Blut</Clinical_Drug> und <Clinical_Drug>2 TK</Clinical_Drug> verabreicht.","23.01.28: <Therapeutic>Klappenersatz</Therapeutic> <Therapeutic>MKE bio</Therapeutic>, <Therapeutic>AKE 23er bio</Therapeutic>, <Therapeutic>Klemmzeit 2h30 min</Therapeutic>, <Other_Finding>SM Schwelle Ventrikel 1,3</Other_Finding>, <Other_Finding>Vorhof 13</Other_Finding>. <Clinical_Drug>6 EK</Clinical_Drug>, <Clinical_Drug>800 ml HLM-Blut</Clinical_Drug>, <Clinical_Drug>2 TK</Clinical_Drug>.","{'id': 15, 'type': 'sentence', 'text': '23.01.28: Klappenersatz MKE bio, AKE 23er bio, Klemmzeit 2h30 min, SM Schwelle Ventrikel 1,3, Vorhof 13. 6 EK, 800 ml HLM-Blut, 2 TK.', 'offsets': [[795, 928]], 'document_id': 'Amanda_Alzheimer.tsv'}"
Eine <Diagnostic>Neubewertung</Diagnostic> und anschließende weitere <Therapeutic>Planung der Therapie</Therapeutic> in ca. 2 Monaten geplant.,<Diagnostic>Re-Staging</Diagnostic> und anschl. weitere <Therapeutic>Therapieplanung</Therapeutic> in ca. 2 Monaten geplant.,"{'id': 24, 'type': 'sentence', 'text': 'Re-Staging und anschl. weitere Therapieplanung in ca. 2 Monaten geplant.', 'offsets': [[1097, 1169]], 'document_id': 'Dewald.tsv'}"
"<Other_Finding>Mikrobiologischer Kultureller Befund</Other_Finding>, <Diagnostic>Harnkultur</Diagnostic> vom 3.11.2064:","<Other_Finding>Mikrobiologisch-Kultureller Befund</Other_Finding>, <Diagnostic>Harnkultur</Diagnostic> vom 3.11.2064:","{'id': 61, 'type': 'sentence', 'text': 'Mikrobiologisch-Kultureller Befund, Harnkultur vom 3.11.2064:', 'offsets': [[6472, 6533]], 'document_id': 'Colon_Fake_J.tsv'}"
<Clinical_Drug>Die Einnahme von LAEVOLAC 0-0-0-2/3</Clinical_Drug> wird bei <Diagnosis_or_Pathology>Übelkeit</Diagnosis_or_Pathology> oder <Diagnosis_or_Pathology>Erbrechen</Diagnosis_or_Pathology> empfohlen.,<Clinical_Drug>LAEVOLAC 0-0-0-2/3</Clinical_Drug> bei <Diagnosis_or_Pathology>Übelkeit</Diagnosis_or_Pathology> oder <Diagnosis_or_Pathology>Erbrechen</Diagnosis_or_Pathology>,"{'id': 149, 'type': 'sentence', 'text': 'LAEVOLAC 0-0-0-2/3 bei Übelkeit oder Erbrechen', 'offsets': [[9316, 9362]], 'document_id': 'Colon_Fake_H.tsv'}"
"Caput/Collum: <Other_Finding>Meningitis-Negativität</Other_Finding>, <Other_Finding>Frei von Hals-Nasen-Ohren-Infektionen</Other_Finding>, <Other_Finding>Runde, mittelweite, lichtreaktive Pupillen</Other_Finding>, <Other_Finding>Beidseitige direkte und indirekte Lichtreaktionen prompt</Other_Finding>, <Other_Finding>Keine tastbaren Lymphknoten im Halsbereich</Other_Finding>. <Other_Finding>Herz: Rein, rhythmisch, ohne pathologische Geräusche</Other_Finding>. Pulmo: <Other_Finding>Beidseitig belüftet</Other_Finding>, keine <Diagnosis_or_Pathology>pathologischen Röntgenbefunde</Diagnosis_or_Pathology>, <Other_Finding>Atemgeräusche beidseits</Other_Finding>. Abd.: <Other_Finding>Weicher Bauch</Other_Finding>, kein <Diagnosis_or_Pathology>Darmverschluss</Diagnosis_or_Pathology>, kein <Diagnosis_or_Pathology>Lokalisierte Schmerzen</Diagnosis_or_Pathology>, keine <Diagnosis_or_Pathology>Abwehrspannung</Diagnosis_or_Pathology>, <Other_Finding>Darmgeräusche in allen Quadranten</Other_Finding>, <Other_Finding>Leber unter dem rechten Rippenbogen</Other_Finding>, <Other_Finding>Nicht tastbare Milz</Other_Finding>, <Other_Finding>Beidseitig frei bewegliche Nieren</Other_Finding>, <Diagnosis_or_Pathology>Kleine, etwa 1x1cm große Resistenz in der Blasenregion tastbar</Diagnosis_or_Pathology> (laut Patient schon länger vorhanden), <Diagnosis_or_Pathology>Neu aufgetretene Fistel im perianalen Bereich</Diagnosis_or_Pathology>, ansonsten <Other_Finding>Region deutlich kleiner und weicher</Other_Finding> - siehe Fotodokumentation. <Other_Finding>Gelenke/Extremitäten/Neurologie: Grob unauffällig</Other_Finding>.","Caput/Collum: <Other_Finding>Mening.neg.</Other_Finding>, <Other_Finding>HNAP frei</Other_Finding>, <Other_Finding>Pupillen rund,mw,ic</Other_Finding>, <Other_Finding>LR bds. direkt und indirekt prompt</Other_Finding>, <Other_Finding>LNN palpatorisch unauff</Other_Finding>. <Other_Finding>Cor: rein, rhythmisch, nc.</Other_Finding> Pulmo:<Other_Finding>VA bds.</Other_Finding>, keine <Diagnosis_or_Pathology>pathologischen RGs</Diagnosis_or_Pathology>, <Other_Finding>SKS bds.</Other_Finding> Abd.: <Other_Finding>BD weich</Other_Finding>, kein <Diagnosis_or_Pathology>DS</Diagnosis_or_Pathology>, kein <Diagnosis_or_Pathology>LLS</Diagnosis_or_Pathology>, keine <Diagnosis_or_Pathology>Abwehspannung</Diagnosis_or_Pathology>, <Other_Finding>DG in allen Quadranten rege</Other_Finding>, <Other_Finding>Leber unter RB</Other_Finding>, <Other_Finding>Milz non palp.</Other_Finding>, <Other_Finding>NL bds frei</Other_Finding>, <Diagnosis_or_Pathology>kleine ca (1x1cm) große Resistenz UB Blasenregion tastbar</Diagnosis_or_Pathology> (lt. Pat. schon länger) <Diagnosis_or_Pathology>neu aufgetretene Fistel perianal</Diagnosis_or_Pathology>, ansonsten <Other_Finding>Region deutl. kleiner und weicher</Other_Finding> - siehe Fotodok. <Other_Finding>Gelenke/Extremitäten/Neurologie: grob unauff</Other_Finding>.","{'id': 25, 'type': 'sentence', 'text': 'Caput/Collum: Mening.neg., HNAP frei, Pupillen rund,mw,ic, LR bds. direkt und indirekt prompt, LNN palpatorisch unauff. Cor: rein, rhythmisch, nc. Pulmo:VA bds., keine pathologischen RGs, SKS bds. Abd.: BD weich, kein DS, kein LLS, keine Abwehspannung, DG in allen Quadranten rege, Leber unter RB, Milz non palp., NL bds frei, kleine ca (1x1cm) große Resistenz UB Blasenregion tastbar (lt. Pat. schon länger) neu aufgetretene Fistel perianal, ansonsten Region deutl. kleiner und weicher - siehe Fotodok. Gelenke/Extremitäten/Neurologie: grob unauff.', 'offsets': [[1034, 1583]], 'document_id': 'Colon_Fake_E.tsv'}"
"<Diagnostic>Neurologische Untersuchung</Diagnostic>: Während der <Diagnostic>Untersuchung</Diagnostic> eine <Diagnosis_or_Pathology>Absence von ca. 1 Minute Dauer</Diagnosis_or_Pathology>. Kein <Diagnosis_or_Pathology>Meningismus</Diagnosis_or_Pathology>. <Other_Finding>Hirnnerven intakt</Other_Finding>. <Diagnosis_or_Pathology>Leicht sakkadierte Blickfolge nach links</Diagnosis_or_Pathology>. <Diagnosis_or_Pathology>Intermittierende Myoklonie der linken Gesichtshälfte, zeitweise unter Einbeziehung des rechten Mundwinkels</Diagnosis_or_Pathology>. <Other_Finding>Babinski neg</Other_Finding>. <Other_Finding>MER stgl. lebhaft auslösbar</Other_Finding>. <Diagnosis_or_Pathology>Kraft links 4/5 (OE+UE), rechts 5/5</Diagnosis_or_Pathology>. <Diagnosis_or_Pathology>Einbeinstand links nicht möglich, rechts unauffällig</Diagnosis_or_Pathology>. <Diagnosis_or_Pathology>Seiltänzer unsicher</Diagnosis_or_Pathology>. <Diagnosis_or_Pathology>Fingerreihe links kaum möglich, rechts unauffällig</Diagnosis_or_Pathology>. <Diagnosis_or_Pathology>Diadochokinese links verlangsamt mit Spiegelbewegung, rechts normal</Diagnosis_or_Pathology>. <Other_Finding>Sprache deutlich</Other_Finding>. <Diagnosis_or_Pathology>Sensibilität links (OE+UE) vermindert</Diagnosis_or_Pathology> (aufgrund der Sprachbarriere nur bedingt zu testen) <Diagnostic>Laboruntersuchung</Diagnostic>: Siehe Anhang. <Other_Finding>Tacrolimusspiegel vom 03.07.23: 5.2 ng/ml</Other_Finding>","<Diagnostic>Neurologische Untersuchung</Diagnostic>: Während der <Diagnostic>Untersuchung</Diagnostic> eine <Diagnosis_or_Pathology>Absence von ca. 1 Minute Dauer</Diagnosis_or_Pathology>. Kein <Diagnosis_or_Pathology>Meningismus</Diagnosis_or_Pathology>. <Other_Finding>Hirnnerven intakt</Other_Finding>. <Diagnosis_or_Pathology>Leicht sakkadierte Blickfolge nach links</Diagnosis_or_Pathology>. <Diagnosis_or_Pathology>Intermittierende Myoklonie der linken Gesichtshälfte, zeitweise unter Einbeziehung des rechten Mundwinkels</Diagnosis_or_Pathology>. <Other_Finding>Babinski neg</Other_Finding>. <Other_Finding>MER stgl. lebhaft auslösbar</Other_Finding>. <Diagnosis_or_Pathology>Kraft links 4/5 (OE+UE), rechts 5/5</Diagnosis_or_Pathology>. <Diagnosis_or_Pathology>Einbeinstand links nicht möglich, rechts unauffällig</Diagnosis_or_Pathology>. <Diagnosis_or_Pathology>Seiltänzer unsicher</Diagnosis_or_Pathology>. <Diagnosis_or_Pathology>Fingerreihe links kaum möglich, rechts unauffällig</Diagnosis_or_Pathology>. <Diagnosis_or_Pathology>Diadochokinese links verlangsamt mit Spiegelbewegung, rechts normal</Diagnosis_or_Pathology>. <Other_Finding>Sprache deutlich</Other_Finding>. <Diagnosis_or_Pathology>Sensibilität links (OE+UE) vermindert</Diagnosis_or_Pathology> (aufgrund der Sprachbarriere nur bedingt zu testen) <Diagnostic>Labor</Diagnostic>: Siehe Anhang. <Other_Finding>Tacrolimusspiegel vom 03.07.23: 5.2 ng/ml</Other_Finding>","{'id': 15, 'type': 'sentence', 'text': 'Neurologische Untersuchung: Während der Untersuchung eine Absence von ca. 1 Minute Dauer. Kein Meningismus. Hirnnerven intakt. Leicht sakkadierte Blickfolge nach links. Intermittierende Myoklonie der linken Gesichtshälfte, zeitweise unter Einbeziehung des rechten Mundwinkels. Babinski neg. MER stgl. lebhaft auslösbar. Kraft links 4/5 (OE+UE), rechts 5/5. Einbeinstand links nicht möglich, rechts unauffällig. Seiltänzer unsicher. Fingerreihe links kaum möglich, rechts unauffällig. Diadochokinese links verlangsamt mit Spiegelbewegung, rechts normal. Sprache deutlich. Sensibilität links (OE+UE) vermindert (aufgrund der Sprachbarriere nur bedingt zu testen) Labor: Siehe Anhang. Tacrolimusspiegel vom 03.07.23: 5.2 ng/ml', 'offsets': [[2923, 3646]], 'document_id': 'Zezelj.tsv'}"
"<Diagnosis_or_Pathology>Tumormarker</Diagnosis_or_Pathology>: Der <Diagnosis_or_Pathology>CEA-Wert</Diagnosis_or_Pathology> beträgt 24.0, während der <Other_Finding>CA19-9-Wert</Other_Finding> bei 2.7 liegt.","<Diagnosis_or_Pathology>Tumormarker</Diagnosis_or_Pathology>: <Diagnosis_or_Pathology>CEA: 24.0</Diagnosis_or_Pathology>, <Other_Finding>CA19-9: 2.7</Other_Finding>","{'id': 27, 'type': 'sentence', 'text': 'Tumormarker: CEA: 24.0, CA19-9: 2.7', 'offsets': [[1724, 1759]], 'document_id': 'Colon_Fake_B.tsv'}"
<Clinical_Drug>Medikamentengabe</Clinical_Drug> (letzte in 24 Stunden):,<Clinical_Drug>Medikamente</Clinical_Drug> (letzte Gabe in 24 Stunden):,"{'id': 41, 'type': 'sentence', 'text': 'Medikamente (letzte Gabe in 24 Stunden):', 'offsets': [[5622, 5662]], 'document_id': 'Weber.tsv'}"
"<Clinical_Drug>Ramipril 7,5-0-0 mg</Clinical_Drug> <Clinical_Drug>Amlodipin 5-0-0 mg</Clinical_Drug> <Clinical_Drug>Frisium 10-0-10 mg</Clinical_Drug> <Clinical_Drug>Levetiracetam (Keppra ®) 500-0-500 mg (=23,9 mg/kg KG</Clinical_Drug>) <Clinical_Drug>Ethosuximid (Petnidan E) 250-250-250 mg (=17,9 mg/kg KG</Clinical_Drug>) <Clinical_Drug>Tacrolimus 6-0-6 mg (=0,28 mg/kg KG</Clinical_Drug>) <Clinical_Drug>Bei <Diagnosis_or_Pathology>geriatrischen tonisch-klonischen Anfällen > 3 Minuten</Diagnosis_or_Pathology>: Buccolam E 10 mg</Clinical_Drug> <Clinical_Drug>Bei <Diagnosis_or_Pathology>Blutdruckwerten >145/95 mmHg</Diagnosis_or_Pathology>: 6 Tropfen Nifedipin</Clinical_Drug> (<Clinical_Drug>Adalat E</Clinical_Drug>) (maximal alle 6-8 Stunden) Für eventuelle Rückfragen stehen wir gerne jederzeit zur Verfügung.","<Clinical_Drug>Ramipril 7,5-0-0 mg</Clinical_Drug> <Clinical_Drug>Amlodipin 5-0-0 mg</Clinical_Drug> <Clinical_Drug>Frisium 10-0-10 mg</Clinical_Drug> <Clinical_Drug>Levetiracetam (Keppra ®) 500-0-500 mg (=23,9 mg/kg KG</Clinical_Drug>) <Clinical_Drug>Ethosuximid (Petnidan E) 250-250-250 mg (=17,9 mg/kg KG</Clinical_Drug>) <Clinical_Drug>Tacrolimus 6-0-6 mg (=0,28 mg/kg KG</Clinical_Drug>) <Clinical_Drug>Bei <Diagnosis_or_Pathology>geri. ton.-klon. Anfällen > 3 Min.</Diagnosis_or_Pathology>: Buccolam E 10 mg</Clinical_Drug> <Clinical_Drug>Bei <Diagnosis_or_Pathology>Blutdruckwerten >145/95 mmHg</Diagnosis_or_Pathology> 6 gtt Nifedipin</Clinical_Drug> (<Clinical_Drug>Adalat E</Clinical_Drug>) (max. alle 6-8h) Für eventuelle Rückfragen stehen wir gerne jederzeit zur Verfügung.","{'id': 24, 'type': 'sentence', 'text': 'Ramipril 7,5-0-0 mg Amlodipin 5-0-0 mg Frisium 10-0-10 mg Levetiracetam (Keppra ®) 500-0-500 mg (=23,9 mg/kg KG) Ethosuximid (Petnidan E) 250-250-250 mg (=17,9 mg/kg KG) Tacrolimus 6-0-6 mg (=0,28 mg/kg KG) Bei geri. ton.-klon. Anfällen > 3 Min.: Buccolam E 10 mg Bei Blutdruckwerten >145/95 mmHg 6 gtt Nifedipin (Adalat E) (max. alle 6-8h) Für eventuelle Rückfragen stehen wir gerne jederzeit zur Verfügung.', 'offsets': [[5086, 5494]], 'document_id': 'Zezelj.tsv'}"
"Ihr freundliches Einverständnis voraussetzend, empfehlen wir eine Wiedervorstellung nach entsprechender Terminvereinbarung (unter 0233-220-312257) zum erneuten <Therapeutic>Stentwechsel</Therapeutic>. Da sich bereits dieses Mal der <Therapeutic>Stentwechsel</Therapeutic> als technisch schwierig erwiesen hat, sollte der nächste <Therapeutic>Wechsel</Therapeutic> unter stationären Bedingungen erfolgen, da dann möglicherweise ein <Therapeutic>perkutanes Vorgehen</Therapeutic> vorteilhaft wäre.","Ihr freundl. Einverst. voraussetzende, empfehlen wir Wiedervorstellung nach entsprechender Termin Vereinbaarung (unter 0233-220-312257) zum <Therapeutic>erneuten Stent Wechsel</Therapeutic>. Da sich bereits dieses Mal das <Therapeutic>Stetwechsel</Therapeutic> als techn. schwierig erwiesen hat, sollte nächstes <Therapeutic>Wechsel</Therapeutic> unter stat. Bedingungen erfolgen, da dann möglicherweise ein <Therapeutic>perkutanes Vorgehen</Therapeutic> vorteilhaft erwiesen würden.","{'id': 13, 'type': 'sentence', 'text': 'Ihr freundl. Einverst. voraussetzende, empfehlen wir Wiedervorstellung nach entsprechender Termin Vereinbaarung (unter 0233-220-312257) zum erneuten Stent Wechsel. Da sich bereits dieses Mal das Stetwechsel als techn. schwierig erwiesen hat, sollte nächstes Wechsel unter stat. Bedingungen erfolgen, da dann möglicherweise ein perkutanes Vorgehen vorteilhaft erwiesen würden.', 'offsets': [[1355, 1730]], 'document_id': 'Rieser.tsv'}"
<Therapeutic>Die endständige Sigmoideostomie</Therapeutic> wurde am 4.4.2063 durchgeführt.,<Therapeutic>endständige Sigmoideostomie</Therapeutic> (4.4.2063),"{'id': 19, 'type': 'sentence', 'text': 'endständige Sigmoideostomie (4.4.2063)', 'offsets': [[654, 692]], 'document_id': 'Colon_Fake_A.tsv'}"
"<Other_Finding>Ungestörte Pupillomotorik</Other_Finding>, <Diagnosis_or_Pathology>erschöpflicher horizontaler Blickrichtungsnystagmus in beide Richtungen</Diagnosis_or_Pathology>, <Other_Finding>übriger Hirnnervenstatus unauffällig</Other_Finding>. <Other_Finding>Klare Sprache</Other_Finding>. 

Substantiviert: Eine <Other_Finding>ungestörte Pupillomotorik</Other_Finding>, eine <Diagnosis_or_Pathology>erschöpfliche horizontale Blickrichtungsnystagmus in beide Richtungen</Diagnosis_or_Pathology> und ein <Other_Finding>unauffälliger übriger Hirnnervenstatus</Other_Finding> wurden festgestellt. Die <Other_Finding>Sprache</Other_Finding> war klar.","<Other_Finding>Ungestörte Pupillomotorik</Other_Finding>, <Diagnosis_or_Pathology>erschöpflicher horizontaler Blickrichtungsnystagmus in beide Richtungen</Diagnosis_or_Pathology>, <Other_Finding>übriger Hirnnervenstatus unauffällig</Other_Finding>. <Other_Finding>Klare Sprache</Other_Finding>.","{'id': 34, 'type': 'sentence', 'text': 'Ungestörte Pupillomotorik, erschöpflicher horizontaler Blickrichtungsnystagmus in beide Richtungen, übriger Hirnnervenstatus unauffällig. Klare Sprache.', 'offsets': [[3035, 3187]], 'document_id': 'Theodor.tsv'}"
<Diagnostic>Histologie</Diagnostic>: <Other_Finding>Offene Histologie</Other_Finding>.,<Diagnostic>Histologie</Diagnostic>: <Other_Finding>Histologie offen</Other_Finding>.,"{'id': 27, 'type': 'sentence', 'text': 'Histologie: Histologie offen.', 'offsets': [[1642, 1671]], 'document_id': 'Meulengracht.tsv'}"
"- weiterhin <Therapeutic>Bilanzierung, Ziel -500 - -1000ml</Therapeutic>","- weiterhin <Therapeutic>Bilanz, Ziel -500 - -1000ml</Therapeutic>","{'id': 32, 'type': 'sentence', 'text': '- weiterhin Bilanz, Ziel -500 - -1000ml', 'offsets': [[2472, 2511]], 'document_id': 'Amanda_Alzheimer.tsv'}"
"N: <Other_Finding>Isokore, lichtreagible Pupillen</Other_Finding>","N: <Other_Finding>Pupillen isokor, lichtreagibel</Other_Finding>","{'id': 27, 'type': 'sentence', 'text': 'N: Pupillen isokor, lichtreagibel', 'offsets': [[2304, 2337]], 'document_id': 'Amanda_Alzheimer.tsv'}"
Es konnte kein <Diagnostic>CT mit Kontrastmittel</Diagnostic> durchgeführt werden.,kein <Diagnostic>CT mit Kontrast durchgeführt</Diagnostic> werden.,"{'id': 35, 'type': 'sentence', 'text': 'kein CT mit Kontrast durchgeführt werden.', 'offsets': [[1458, 1499]], 'document_id': 'Colon_Fake_A.tsv'}"
"angegebene <Other_Finding>Symmetrie der Mundwinkel</Other_Finding> (<Diagnosis_or_Pathology>Asymmetrie der Nasolabialfalte rechts nach <Therapeutic>Nasen-OP</Therapeutic></Diagnosis_or_Pathology>), <Other_Finding>gerade Zunge</Other_Finding>","angegeben, <Other_Finding>Mundwinkel symmetrisch</Other_Finding> (<Diagnosis_or_Pathology>asymmetrische Nasolabialfalte re. nach <Therapeutic>Nasen-OP</Diagnosis_or_Pathology></Therapeutic>), <Other_Finding>Zunge gerade</Other_Finding>,","{'id': 134, 'type': 'sentence', 'text': 'angegeben, Mundwinkel symmetrisch (asymmetrische Nasolabialfalte re. nach Nasen-OP), Zunge gerade,', 'offsets': [[8439, 8537]], 'document_id': 'Colon_Fake_H.tsv'}"
"<Other_Finding>Herzrhythmus: Sinusrhythmus, normokard</Other_Finding>, <Other_Finding>Blutdruck normal</Other_Finding>.","<Other_Finding>Herz: SR, normocard</Other_Finding>, <Other_Finding>HT rein</Other_Finding>.","{'id': 35, 'type': 'sentence', 'text': 'Herz: SR, normocard, HT rein.', 'offsets': [[1499, 1528]], 'document_id': 'Colon_Fake_J.tsv'}"
"Wir berichten über unsere gemeinsame Pat. Irina Popovic, geb. am 17.08.1958, die vom 11.01.-14.01.2026 <Therapeutic>einer Behandlung auf unserer unfallchirurgischen Station 4</Therapeutic> unterzogen wurde.","wir berichten über unsere gemeinsame Pat. Irina Popovic, geb. am 17.08.1958, die vom 11.01.-14.01.2026 <Therapeutic>auf unserer unfallchirurgischen Station 4 behandelt</Therapeutic> wurde.","{'id': 2, 'type': 'sentence', 'text': 'wir berichten über unsere gemeinsame Pat. Irina Popovic, geb. am 17.08.1958, die vom 11.01.-14.01.2026 auf unserer unfallchirurgischen Station 4 behandelt wurde.', 'offsets': [[28, 189]], 'document_id': 'Popovic.tsv'}"
"<Therapeutic>Das Ataxietraining</Therapeutic> dient dazu, die <Therapeutic>Verbesserung der Gangsicherheit</Therapeutic> zu erreichen.","<Therapeutic>Ataxietraining</Therapeutic>, <Therapeutic>Gangsicherheit verbessern</Therapeutic>","{'id': 66, 'type': 'sentence', 'text': 'Ataxietraining, Gangsicherheit verbessern', 'offsets': [[5967, 6008]], 'document_id': 'Theodor.tsv'}"
<Diagnostic>CCT</Diagnostic> und <Diagnostic>GK-CT</Diagnostic> sind Teil der <Diagnostic>Anamnese</Diagnostic>. Diese wurde übernommen von der 3 Süd. Pt mit <Diagnosis_or_Pathology>Kombiniertem Aortenvitium</Diagnosis_or_Pathology> und <Diagnosis_or_Pathology>führender Stenose</Diagnosis_or_Pathology>. Jetzt seit heute Anend gibt es eine <Diagnosis_or_Pathology>zunehmende Eintrübung</Diagnosis_or_Pathology> und <Diagnosis_or_Pathology>Dyspnoe</Diagnosis_or_Pathology>.,05.02.28: <Diagnostic>CCT</Diagnostic> und <Diagnostic>GK-CT</Diagnostic> <Diagnostic>Anamnese</Diagnostic>: Übernahme von der 3 Süd. Pt mit <Diagnosis_or_Pathology>Kombiniertem Aortenvitium</Diagnosis_or_Pathology> und <Diagnosis_or_Pathology>führender Stenose</Diagnosis_or_Pathology>. Jetzt seit heute Anend <Diagnosis_or_Pathology>zunehmend eingetrübt</Diagnosis_or_Pathology> und <Diagnosis_or_Pathology>Dyspnö</Diagnosis_or_Pathology>.,"{'id': 18, 'type': 'sentence', 'text': '05.02.28: CCT und GK-CT Anamnese: Übernahme von der 3 Süd. Pt mit Kombiniertem Aortenvitium und führender Stenose. Jetzt seit heute Anend zunehmend eingetrübt und Dyspnö.', 'offsets': [[1067, 1237]], 'document_id': 'Amanda_Alzheimer.tsv'}"
"Eine <Other_Finding>Stanzbiopsie</Other_Finding> wurde durchgeführt zur <Therapeutic>Therapieevaluation</Therapeutic> eines <Diagnosis_or_Pathology>malignen Melanoms</Diagnosis_or_Pathology> (Level IV, TD 3,75mm) im Oberbauch links.","<Other_Finding>St.p. <Therapeutic>TE</Other_Finding> eines <Diagnosis_or_Pathology>Malignen Melanoms</Therapeutic> ( Level IV, TD 3,75mm)/ Oberbauch links</Diagnosis_or_Pathology>","{'id': 10, 'type': 'sentence', 'text': 'St.p. TE eines Malignen Melanoms ( Level IV, TD 3,75mm)/ Oberbauch links', 'offsets': [[391, 463]], 'document_id': 'Schnitzler.tsv'}"
<Diagnosis_or_Pathology>Mäßige narbige Veränderungen beidseitig basal</Diagnosis_or_Pathology>. <Diagnosis_or_Pathology>Nicht abgrenzbare Rundherde</Diagnosis_or_Pathology>.,<Diagnosis_or_Pathology>Mäßige narbige Veränderungen bds. basal</Diagnosis_or_Pathology>. <Diagnosis_or_Pathology>Rundherde nicht abgrenzbar</Diagnosis_or_Pathology>.,"{'id': 86, 'type': 'sentence', 'text': 'Mäßige narbige Veränderungen bds. basal. Rundherde nicht abgrenzbar.', 'offsets': [[4586, 4654]], 'document_id': 'Colon_Fake_H.tsv'}"
<Other_Finding>Zustand nach <Therapeutic>einem Zyklus einer DTIC Hochdosis Chemotherapie</Therapeutic> am 20.5.2027 (C43.4)</Other_Finding>,<Other_Finding>Z. n. <Therapeutic>1 Zyklus einer DTIC Hochdosis Chemotherapie</Other_Finding></Therapeutic> am 20.5.2027 (C43.4),"{'id': 13, 'type': 'sentence', 'text': 'Z. n. 1 Zyklus einer DTIC Hochdosis Chemotherapie am 20.5.2027 (C43.4)', 'offsets': [[674, 744]], 'document_id': 'Ypsilanti.tsv'}"
"2 Hub morgens und abends. Bei <Diagnosis_or_Pathology>Auftreten einer Dyspnoe</Diagnosis_or_Pathology> kann er jederzeit weiter <Clinical_Drug>1-2 Hübe <Therapeutic>Oxis</Therapeutic> inhalieren, bis zum <Diagnosis_or_Pathology>Auftreten von Muskelzittern oder Herzklopfen</Diagnosis_or_Pathology>. Zusätzlich <Clinical_Drug>Euphylong morgens 0,25 und abends vor dem Schlafengehen 0,25 g</Clinical_Drug>. Ich hoffe, dass darunter er das <Diagnosis_or_Pathology>Asthma</Diagnosis_or_Pathology> wieder schnell unter Kontrolle bekommt wie am 2035. Gegen die <Diagnosis_or_Pathology>Pollinose</Diagnosis_or_Pathology> soll er weiterhin <Clinical_Drug>Zyrtec</Clinical_Drug> oder <Clinical_Drug>Tavegil</Clinical_Drug> nehmen, allerdings sollte er dabei vorsichtig sein mit Autofahren, da diese <Therapeutic>Medikamente</Therapeutic> bekanntlich sedierend sind.","2 Hub morgens und abends. Bei <Diagnosis_or_Pathology>Auftreten einer Dyspnoe</Diagnosis_or_Pathology> kann er jederzeit weiter <Clinical_Drug>1-2 Hub <Therapeutic>Oxis</Clinical_Drug> inhalieren</Therapeutic> bis zum <Diagnosis_or_Pathology>Auftreten von Muskelzittern oder Herzklopfen</Diagnosis_or_Pathology>. Zusätzlich <Clinical_Drug>Euphylong morgens 0,25 und abends vor dem Schlafengehen 0,25 g</Clinical_Drug>. Ich hoffe, daß darunter er das <Diagnosis_or_Pathology>Asthma</Diagnosis_or_Pathology> wieder schnell unter Kontrolle bekommt wie am 2035. Gegen die <Diagnosis_or_Pathology>Pollinose</Diagnosis_or_Pathology> soll er weiterhin <Clinical_Drug>Zyrtec</Clinical_Drug> oder <Clinical_Drug>Tavegil</Clinical_Drug> nehmen, allerdings sollte er dabei vorsichtig sein mit Autofahren, da diese <Therapeutic>Medikamente</Therapeutic> bekanntlich sedierend sind.","{'id': 31, 'type': 'sentence', 'text': '2 Hub morgens und abends. Bei Auftreten einer Dyspnoe kann er jederzeit weiter 1-2 Hub Oxis inhalieren bis zum Auftreten von Muskelzittern oder Herzklopfen. Zusätzlich Euphylong morgens 0,25 und abends vor dem Schlafengehen 0,25 g. Ich hoffe, daß darunter er das Asthma wieder schnell unter Kontrolle bekommt wie am 2035. Gegen die Pollinose soll er weiterhin Zyrtec oder Tavegil nehmen, allerdings sollte er dabei vorsichtig sein mit Autofahren, da diese Medikamente bekanntlich sedierend sind.', 'offsets': [[3083, 3578]], 'document_id': 'Waldenström.tsv'}"
Vor 2 Tagen begann Herr Xavier mit der <Therapeutic>Einnahme</Therapeutic> von <Clinical_Drug>Nifedipin</Clinical_Drug> in der <Therapeutic>Dosierung</Therapeutic> von 3 x 20 mg pro Tag.,Vor 2 Tagen begann Herr Xavier mit der <Therapeutic>Einnahme von <Clinical_Drug>Nifedipin</Therapeutic> in der Dosierung von 3 x 20 mg pro Tag</Clinical_Drug>.,"{'id': 51, 'type': 'sentence', 'text': 'Vor 2 Tagen begann Herr Xavier mit der Einnahme von Nifedipin in der Dosierung von 3 x 20 mg pro Tag.', 'offsets': [[3229, 3330]], 'document_id': 'Xavier.tsv'}"
"Bei 60 cm ab ano findet sich eine <Diagnosis_or_Pathology>Makrostruktur des JNET Typs I</Diagnosis_or_Pathology>, welche <Therapeutic>mit der Radial Jaw Zange abgetragen</Therapeutic> wird und die <Therapeutic>Abtragungsstelle mit einem Hämeclip gesichert</Therapeutic> wird. Ab der rechten Flexur bis Coecalpol ist keine Beurteilbarkeit gegeben. Beim Zurückziehen kommen <Diagnosis_or_Pathology>Hämorrhoiden 1. Grades</Diagnosis_or_Pathology> zur Darstellung.","Bei 60 cm ab ano findet sich ein <Diagnosis_or_Pathology>makr. JNET Typ I</Diagnosis_or_Pathology>, welcher <Therapeutic>mit der Radial Jaw Zange abgetragen</Therapeutic> wird und die <Therapeutic>Abtragungsstelle mit einem Hämeclip gesichert</Therapeutic> wird. Ab der rechten Flexur bis Coecalpol keine Beurteilbarkeit gegeben. Beim Zurückziehen kommen <Diagnosis_or_Pathology>Hämorrhoiden 1°</Diagnosis_or_Pathology> zur Darstellung.","{'id': 22, 'type': 'sentence', 'text': 'Bei 60 cm ab ano findet sich ein makr. JNET Typ I, welcher mit der Radial Jaw Zange abgetragen wird und die Abtragungsstelle mit einem Hämeclip gesichert wird. Ab der rechten Flexur bis Coecalpol keine Beurteilbarkeit gegeben. Beim Zurückziehen kommen Hämorrhoiden 1° zur Darstellung.', 'offsets': [[966, 1250]], 'document_id': 'Meulengracht.tsv'}"
Die <Other_Finding>zielsichere Koordination</Other_Finding> des KHV bds.,Koordination: <Other_Finding>KHV bds. zielsicher</Other_Finding>.,"{'id': 139, 'type': 'sentence', 'text': 'Koordination: KHV bds. zielsicher.', 'offsets': [[8801, 8835]], 'document_id': 'Colon_Fake_H.tsv'}"
"Wir berichten Ihnen nachfolgend über o.g. Patientin Marija Obradovic (*29.2.1984), die sich vom 04.11.2024 bis 09.11.2024 in unserer <Therapeutic>stationären Behandlung</Therapeutic> befand.","wir berichten Ihnen nachfolgend über o.g. Patientin Marija Obradovic (*29.2.1984), die sich vom 04.11.2024 bis 09.11.2024 in unserer <Therapeutic>stationären Behandlung</Therapeutic> befand.","{'id': 2, 'type': 'sentence', 'text': 'wir berichten Ihnen nachfolgend über o.g. Patientin Marija Obradovic (*29.2.1984), die sich vom 04.11.2024 bis 09.11.2024 in unserer stationären Behandlung befand.', 'offsets': [[56, 219]], 'document_id': 'Obradovic.tsv'}"
Eine <Diagnostic>Erhebung der Arbeits- und Berufsanamnese</Diagnostic> wurde durchgeführt.,5. <Diagnostic>Arbeits</Diagnostic>- und <Diagnostic>Berufsanamnese</Diagnostic>:,"{'id': 26, 'type': 'sentence', 'text': '5. Arbeits- und Berufsanamnese:', 'offsets': [[2529, 2560]], 'document_id': 'Theodor.tsv'}"
Der <Other_Finding>dermatologische Status</Other_Finding> zeigt am gesamten Integument <Other_Finding>mehrere melanozytäre auflichtmikroskopisch insuspekte Makulae</Other_Finding>.,<Other_Finding>Dermatologischer Status</Other_Finding> : Gesamten Integument <Other_Finding>mehrere melanozytäre auflichtmikroskopisch insuspekte Makulae</Other_Finding>.,"{'id': 34, 'type': 'sentence', 'text': 'Dermatologischer Status : Gesamten Integument mehrere melanozytäre auflichtmikroskopisch insuspekte Makulae.', 'offsets': [[2327, 2435]], 'document_id': 'Dewald.tsv'}"
Am 07.04.2029 erhielt der Patient eine <Therapeutic>Weichteildeckung mit Spalthautsheet und Keratinozytensprühsuspension</Therapeutic>.,07.04.2029: <Therapeutic>Weicliteildeckung mit Spalthautsheet und Keratinozytensprühsuspension</Therapeutic>,"{'id': 20, 'type': 'sentence', 'text': '07.04.2029: Weicliteildeckung mit Spalthautsheet und Keratinozytensprühsuspension', 'offsets': [[777, 858]], 'document_id': 'Albers.tsv'}"
VERLAUF DER <Diagnosis_or_Pathology>TUMORERKRANKUNG</Diagnosis_or_Pathology> -> DER <Diagnosis_or_Pathology>TUMORERKRANKUNG</Diagnosis_or_Pathology>VERLAUF,VERLAUF DER <Diagnosis_or_Pathology>TUMORERKRANKUNG</Diagnosis_or_Pathology>,"{'id': 13, 'type': 'sentence', 'text': 'VERLAUF DER TUMORERKRANKUNG', 'offsets': [[596, 623]], 'document_id': 'Colon_Fake_G.tsv'}"
- Eine <Other_Finding>rezidivierende Lungenembolie</Other_Finding> trat auf im April 2016 und November 2018.,- <Other_Finding>Z.n. rez. Lungenembolie</Other_Finding> (4/16 und 11/18),"{'id': 41, 'type': 'sentence', 'text': '- Z.n. rez. Lungenembolie (4/16 und 11/18)', 'offsets': [[2512, 2554]], 'document_id': 'Xavier.tsv'}"
"Wir berichten Ihnen nachfolgend über o.g. Patienten, der sich am 21.01.2023 in unserer <Therapeutic>teilstationären Behandlung</Therapeutic> befand.","wir berichten Ihnen nachfolgend über o.g. Patienten, der sich am 21.01.2023 in unserer <Therapeutic>teilstationären Behandlung</Therapeutic> befand.","{'id': 3, 'type': 'sentence', 'text': 'wir berichten Ihnen nachfolgend über o.g. Patienten, der sich am 21.01.2023 in unserer teilstationären Behandlung befand.', 'offsets': [[89, 210]], 'document_id': 'Meyr.tsv'}"
"<Therapeutic>Verordnete Hilfsmittel</Therapeutic> für den nachstationären Bedarf: <Therapeutic>Toilettensitzerhöhung</Therapeutic>, <Therapeutic>Badewannenbrett mit Halterung</Therapeutic>. <Therapeutic>Greifzange</Therapeutic>, <Therapeutic>Lumbalbandage Lumbamed plus</Therapeutic>. Folgendes aus dem sozialmedizinischen Bereich wurde beantragt. Beratung hinsichtlich des <Diagnosis_or_Pathology>Schwerbehindertenrechts</Diagnosis_or_Pathology>, wobei eine Antragstellung derzeit von Frau Gebauer abgelehnt wird. Eine notariell beglaubigte Vorsorgevollmacht für die Patientin besteht bei Ehemann und Tochter, außerdem liegt eine Patientenverfügung vor. Beratung der Angehörigen und Antragstellung auf Einstufung in die Pflegeversicherung.","<Therapeutic>Verordnete Hilfsmittel</Therapeutic> für den nachstationären Bedarf: <Therapeutic>Toilettensitzerhöhung</Therapeutic>, <Therapeutic>Badewannenbrett mit Halterung</Therapeutic>. <Therapeutic>Greifzange</Therapeutic>, <Therapeutic>Lumbalbandage Lumbamed plus</Therapeutic>. Folgendes aus dem sozialmedizinischen Bereich wurde beantragt.  Beratung hinsichtlich des <Diagnosis_or_Pathology>Schwerbehindertenrechts</Diagnosis_or_Pathology>, wobei Frau Gebauer derzeit eine Antragstellung ablehnt. Ehemann und Tochter haben eine notariell beglaubigt Vorsorgevollmacht für die Patientin, es besteht außerdem eine Patientenverfügung. Beratung der Angehörigen und Antragstellung auf Einstufung in der Pflegeversicherung.","{'id': 13, 'type': 'sentence', 'text': 'Verordnete Hilfsmittel für den nachstationären Bedarf: Toilettensitzerhöhung, Badewannenbrett mit Halterung. Greifzange, Lumbalbandage Lumbamed plus. Folgendes aus dem sozialmedizinischen Bereich wurde beantragt.  Beratung hinsichtlich des Schwerbehindertenrechts, wobei Frau Gebauer derzeit eine Antragstellung ablehnt. Ehemann und Tochter haben eine notariell beglaubigt Vorsorgevollmacht für die Patientin, es besteht außerdem eine Patientenverfügung. Beratung der Angehörigen und Antragstellung auf Einstufung in der Pflegeversicherung.', 'offsets': [[4530, 5070]], 'document_id': 'Gebauer.tsv'}"
"13.1.2030, 08.15 Uhr Stationäre Wiederaufnahme zur <Therapeutic>Fortsetzung der Polychemotherapie mit FOLFOX, 6. Zyklus</Therapeutic>.","13.1.2030, 08.15 Uhr Stationäre Wiederaufnahme zur <Therapeutic>Fortsetzung der Polychemotherapie mit FOLFOX, 6. Zyklus</Therapeutic>.","{'id': 54, 'type': 'sentence', 'text': '13.1.2030, 08.15 Uhr Stationäre Wiederaufnahme zur Fortsetzung der Polychemotherapie mit FOLFOX, 6. Zyklus.', 'offsets': [[2533, 2640]], 'document_id': 'Colon_Fake_F.tsv'}"
"Die <Therapeutic>Operation</Therapeutic> wurde für den 2. Mai 2023 festgelegt, womit die Patientin einverstanden war.","Die <Therapeutic>Operation</Therapeutic> wurde für 2/5/2023 festgelegt, womit die Pat. einverstanden war.","{'id': 125, 'type': 'sentence', 'text': 'Die Operation wurde für 2/5/2023 festgelegt, womit die Pat. einverstanden war.', 'offsets': [[7653, 7731]], 'document_id': 'Colon_Fake_H.tsv'}"
"Hiermit berichte ich über unsere gemeinsame Patientin, welche sich vom 2.11. – 24.11.28 bei uns in einer <Therapeutic>stationären Behandlung</Therapeutic> befand.","hiermit berichte ich über unsere gemeinsame Patientin, welche sich vom 2.11. – 24.11.28 bei uns in <Therapeutic>stat. Behandlung</Therapeutic> befand.","{'id': 5, 'type': 'sentence', 'text': 'hiermit berichte ich über unsere gemeinsame Patientin, welche sich vom 2.11. – 24.11.28 bei uns in stat. Behandlung befand.', 'offsets': [[170, 293]], 'document_id': 'Gebauer.tsv'}"
und 4000ml orale Flüssigkeitszufuhr zur <Therapeutic>Forcierung der Diurese</Therapeutic>.,und 4000ml oral um die <Therapeutic>Diurese zu forcieren</Therapeutic>.,"{'id': 33, 'type': 'sentence', 'text': 'und 4000ml oral um die Diurese zu forcieren.', 'offsets': [[1370, 1414]], 'document_id': 'Colon_Fake_A.tsv'}"
"<Diagnostic>Röntgen-Thorax in 2 Ebenen mit <External_Substance>Breischluck</External_Substance></Diagnostic>: <Other_Finding>Linksbetontes Herz mit einem CT-Quotienten von 0,42 und freiem Retrokardialraum</Other_Finding>. <Other_Finding>Beidseitig dichte Hili</Other_Finding>. <Diagnosis_or_Pathology>Aortensklerose</Diagnosis_or_Pathology>. <Other_Finding>Lungen und Sinus ohne Befund</Other_Finding>.","<Diagnostic>Rö.-Thorax in 2 Eb. Mit <External_Substance>Breischluck</Diagnostic></External_Substance>: <Other_Finding>Li. betontes Herz mit einem CT-Quot. von 0,42 u. freiem Retrokardialraum</Other_Finding>. <Other_Finding>Bds. dichte Hili</Other_Finding>. <Diagnosis_or_Pathology>Aortensklerose</Diagnosis_or_Pathology>. <Other_Finding>Lungen u. Sinus o.B.</Other_Finding>","{'id': 12, 'type': 'sentence', 'text': 'Rö.-Thorax in 2 Eb. Mit Breischluck: Li. betontes Herz mit einem CT-Quot. von 0,42 u. freiem Retrokardialraum. Bds. dichte Hili. Aortensklerose. Lungen u. Sinus o.B.', 'offsets': [[1434, 1599]], 'document_id': 'Jenninger.tsv'}"
<Therapeutic>Die Operation(en)</Therapeutic> führten zu <Diagnostic>den Histologie(n)</Diagnostic>.,<Therapeutic>Operation(en)</Therapeutic> und <Diagnostic>Histologie(n)</Diagnostic>:,"{'id': 11, 'type': 'sentence', 'text': 'Operation(en) und Histologie(n):', 'offsets': [[531, 563]], 'document_id': 'Colon_Fake_B.tsv'}"
Die <Diagnosis_or_Pathology>Chondromalazie des Kniegelenks rechts</Diagnosis_or_Pathology> (<Diagnosis_or_Pathology>M94.26</Diagnosis_or_Pathology>) wurde diagnostiziert.,<Diagnosis_or_Pathology>Chondromalazie Kniegelenk rechts</Diagnosis_or_Pathology> (<Diagnosis_or_Pathology>M94.26</Diagnosis_or_Pathology>),"{'id': 7, 'type': 'sentence', 'text': 'Chondromalazie Kniegelenk rechts (M94.26)', 'offsets': [[344, 385]], 'document_id': 'Ilgner.tsv'}"
"<Clinical_Drug>Levothyroxin</Clinical_Drug> und <Clinical_Drug>Euthyrox 75 1-0-0, nüchtern</Clinical_Drug> (beide sind Medikamente zur Behandlung von Schilddrüsenproblemen)","<Clinical_Drug>Levothvroxin</Clinical_Drug> <Clinical_Drug>Euthyrox 75 1-0-0, nüchtern</Clinical_Drug>","{'id': 23, 'type': 'sentence', 'text': 'Levothvroxin Euthyrox 75 1-0-0, nüchtern', 'offsets': [[6089, 6129]], 'document_id': 'Gebauer.tsv'}"
Im Mittelpunkt der <Therapeutic>neuropsychologischen Behandlung</Therapeutic> standen <Therapeutic>regelmäßige Gespräche zur Unterstützung und Begleitung des Aufenthaltes</Therapeutic>. Aufgrund der <Diagnosis_or_Pathology>neu diagnostizierten Krankheit</Diagnosis_or_Pathology> ergaben sich eine Reihe von Fragen und Problemen zum Umgang mit der <Diagnosis_or_Pathology>Krankheit</Diagnosis_or_Pathology>. Herr Theodor nutzte die Gesprächstmöglichkeiten sehr aktiv.,Im Mittelpunkt der <Therapeutic>neuropsychologischen Behandlung</Therapeutic> standen <Therapeutic>regelmäßige Gespräche zur Unterstützung und Begleitung des Aufenthaltes</Therapeutic>. Aufgrund der <Diagnosis_or_Pathology>dem Patienten noch nicht lange bekannten Diagnose</Diagnosis_or_Pathology> ergaben sich eine Reihe von Fragen und Problemen zum Umgang mit der <Diagnosis_or_Pathology>Krankheit</Diagnosis_or_Pathology>. Herr Theodor nutzte die Gesprächstmöglichkeiten sehr aktiv.,"{'id': 76, 'type': 'sentence', 'text': 'Im Mittelpunkt der neuropsychologischen Behandlung standen regelmäßige Gespräche zur Unterstützung und Begleitung des Aufenthaltes. Aufgrund der dem Patienten noch nicht lange bekannten Diagnose ergaben sich eine Reihe von Fragen und Problemen zum Umgang mit der Krankheit. Herr Theodor nutzte die Gesprächstmöglichkeiten sehr aktiv.', 'offsets': [[7942, 8275]], 'document_id': 'Theodor.tsv'}"
kein <Diagnosis_or_Pathology>Erguss beidseitig</Diagnosis_or_Pathology>,kein <Diagnosis_or_Pathology>Erguss bds.</Diagnosis_or_Pathology>,"{'id': 44, 'type': 'sentence', 'text': 'kein Erguss bds.', 'offsets': [[3916, 3932]], 'document_id': 'Colon_Fake_K.tsv'}"
"05.02.2028 <Diagnostic>CCT-Untersuchung</Diagnostic> und <Diagnostic>GK-CT-Untersuchung</Diagnostic>: <Other_Finding>Befunde</Other_Finding> folgen nach Vergleich mit <Diagnostic>VU</Diagnostic> (Drs. Seiler und Wantzer melden sich bei Xxxxx). Pat. während Transport und <Diagnostic>Untersuchung</Diagnostic> <Other_Finding>kardiopulmonal stabil</Other_Finding>. 05.02.2028 <Other_Finding>GKCT-Befund</Other_Finding> (Dr. Bechterew): Keine <Diagnosis_or_Pathology>Thrombosen</Diagnosis_or_Pathology>, keine <Diagnosis_or_Pathology>Ischämien</Diagnosis_or_Pathology>, <Diagnosis_or_Pathology>viel freie Flüssigkeit im Abdomen</Diagnosis_or_Pathology>, <Diagnosis_or_Pathology>im Bereich des Pylorus und proximalen Duodenum ödematöse Wandverdickung</Diagnosis_or_Pathology> -> könnte auf ein <Diagnosis_or_Pathology>Ulcus</Diagnosis_or_Pathology> hinweisen. <Diagnosis_or_Pathology>Pleuraergüsse: re (ca. 800 ml) > li. (deutlich weniger)</Diagnosis_or_Pathology> <Therapeutic>Tubus liegt tief über Carinawinkel -> kann 2 cm zurückgezogen</Therapeutic> werden.","05.02.2028 <Diagnostic>CCT</Diagnostic> und <Diagnostic>GK-CT</Diagnostic>: <Other_Finding>Befunde</Other_Finding> folgen nach Vergleich mit <Diagnostic>VU</Diagnostic> (Drs. Seiler und Wantzer melden sich bei Xxxxx). Pat. während Transport und <Diagnostic>Untersuchung</Diagnostic> <Other_Finding>kardiopulmonal stabil</Other_Finding>. 05.02.2028 <Other_Finding>GKCT-Befund</Other_Finding> (Dr. Bechterew): Keine <Diagnosis_or_Pathology>Thrombosen</Diagnosis_or_Pathology>, keine <Diagnosis_or_Pathology>Ischämien</Diagnosis_or_Pathology>, <Diagnosis_or_Pathology>viel freie FF im Abdomen</Diagnosis_or_Pathology>, <Diagnosis_or_Pathology>im Bereich des Pylorus und proximalen Duodenum ödematöse Wandverdickung</Diagnosis_or_Pathology> -> könnte auf ein <Diagnosis_or_Pathology>Ulcus</Diagnosis_or_Pathology> hinweisen. <Diagnosis_or_Pathology>Pleuraergüsse: re (ca. 800 ml) > li. (deutlich weniger)</Diagnosis_or_Pathology> <Therapeutic>Tubus liegt tief über Carinawinkel -> kann 2 cm zurückgezogen</Therapeutic> werden.","{'id': 57, 'type': 'sentence', 'text': '05.02.2028 CCT und GK-CT: Befunde folgen nach Vergleich mit VU (Drs. Seiler und Wantzer melden sich bei Xxxxx). Pat. während Transport und Untersuchung kardiopulmonal stabil. 05.02.2028 GKCT-Befund (Dr. Bechterew): Keine Thrombosen, keine Ischämien, viel freie FF im Abdomen, im Bereich des Pylorus und proximalen Duodenum ödematöse Wandverdickung -> könnte auf ein Ulcus hinweisen. Pleuraergüsse: re (ca. 800 ml) > li. (deutlich weniger) Tubus liegt tief über Carinawinkel -> kann 2 cm zurückgezogen werden.', 'offsets': [[4031, 4539]], 'document_id': 'Amanda_Alzheimer.tsv'}"
"<Diagnosis_or_Pathology>Pathologisch erhöhte</Diagnosis_or_Pathology> Werte: Kalium 5,1, Krea 1,21, NT-proBNP 125.","<Diagnosis_or_Pathology>patholog. erhöht: Kalium 5,1, Krea 1,21, NT-proBNP 125</Diagnosis_or_Pathology>.","{'id': 56, 'type': 'sentence', 'text': 'patholog. erhöht: Kalium 5,1, Krea 1,21, NT-proBNP 125.', 'offsets': [[5066, 5121]], 'document_id': 'Ypsilanti.tsv'}"
